PDB ID,Chain ID,Structure Title,Macromolecule Name,Source,Taxonomy ID,Biological Process,Molecular Function,EC No,Pfam ID,Sequence
1ILW,A,Crystal Structure of Pyrazinamidase/Nicotinamidase of Pyrococcus horikoshii,180 aa long hypothetical Pyrazinamidase/nicotinamidase,Pyrococcus horikoshii,53953,GO:0008152,"GO:0003824, GO:0046872",3.5.1.19,Isochorismatase,MPEEALIVVDMQRDFMPGGALPVPEGDKIIPKVNEYIRKFKEKGALIVATRDWHPENHISFRERGGPWPRHCVQNTPGAEFVVDLPEDAVIISKATEPDKEAYSGFEGTDLAKILRGNGVKRVYICGVATEYCVRATALDALKHGFEVYLLRDAVKGIKPEDEERALEEMKSRGIKIVQF
1J2R,A,Crystal structure of Escherichia coli gene product Yecd at 1.3 A resolution,Hypothetical isochorismatase family protein yecD,Escherichia coli,562,GO:0008152,"GO:0003824, GO:0016787",,Isochorismatase,MRHDFVFSGVIMLELNAKTTALVVIDLQEGILPFAGGPHTADEVVNRAGKLAAKFRASGQPVFLVRVGWSADYAEALKQPVDAPSPAKVLPENWWQHPAALGTTDSDIEIIKRQWGAFYGTDLELQLRRRGIDTIVLCGISTNIGVESTARNAWELGFNLVIAEDACSAASAEQHNNSINHIYPRIARVRSVEEILNAL
1NBA,A,"CRYSTAL STRUCTURE ANALYSIS, REFINEMENT AND ENZYMATIC REACTION MECHANISM OF N-CARBAMOYLSARCOSINE AMIDOHYDROLASE FROM ARTHROBACTER SP. AT 2.0 ANGSTROMS RESOLUTION",N-CARBAMOYLSARCOSINE AMIDOHYDROLASE,Arthrobacter sp.,1667,"GO:0006602, GO:0008152","GO:0003824, GO:0016787, GO:0050127",3.5.1.59,Isochorismatase,MTETSGTFNDIEARLAAVLEEAFEAGTSIYNERGFKRRIGYGNRPAVIHIDLANAWTQPGHPFSCPGMETIIPNVQRINEAARAKGVPVFYTTNVYRNRDASSGTNDMGLWYSKIPTETLPADSYWAQIDDRIAPADGEVVIEKNRASAFPGTNLELFLTSNRIDTLIVTGATAAGCVRHTVEDAIAKGFRPIIPRETIGDRVPGVVQWNLYDIDNKFGDVESTDSVVQYLDALPQFEDTVPKTLSDPQPEVEAPADPVFAEQH
1NF8,A,Crystal structure of PhzD protein active site mutant with substrate,phenazine biosynthesis protein phzD,Pseudomonas aeruginosa,287,"GO:0002047, GO:0008152","GO:0003824, GO:0008908",3.3.2.1,Isochorismatase,MSGIPEITAYPLPTAQQLPANLARWSLEPRRAVLLVHAMQRYFLRPLPESLRAGLVANAARLRRWCVEQGVQIAYTAQPGSMTEEQRGLLKDFWGPGMRASPADREVVEELAPGPDDWLLTKWRYSAFFHSDLLQRMRAAGRDQLVLCGVYAHVGVLISTVDAYSNDIQPFLVADAIADFSEAHHRMALEYAASRCAMVVTTDEVLE
1X9G,A,PUTATIVE MAR1 RIBONUCLEASE FROM LEISHMANIA DONOVANI,PUTATIVE MAR1,Leishmania donovani,5661,GO:0008152,GO:0003824,,Isochorismatase,MAHHHHHHMSRLMPHYSKGKTAFLCVDLQEAFSKRIENFANCVFVANRLARLHEVVPENTKYIVTEHYPKGLGRIVPEITLPKTAHLIEKTRFSCVVPQVEELLEDVDNAVVFGIEGHACILQTVADLLDMNKRVFLPKDGLGSQKKTDFKAAIKLMSSWGPNCEITTSESILLQMTKDAMDPNFKRISKLLKEEPPIPL
1XN4,A,PUTATIVE MAR1 RIBONUCLEASE FROM LEISHMANIA MAJOR,ribonuclease MAR1,Leishmania major,5664,GO:0008152,GO:0003824,,Isochorismatase,MSRLMPHYSKGKTAFLCVDLQEAFSKRIENFANCVFVANRLARLHELVPENTKYIVTEHYPKGLGRIVPGITLPQTAHLIEKTRFSCIVPQVEELLEDVDNAVVFGIEGHACILQTVADLLDMNKRVFLPKDGLGSQKKTDFKAAMKLMGSWSPNCEITTSESILLQMTKDAMDPNFKKISKLLKEEPPIPL
1YAC,A,THE 1.8 ANGSTROM CRYSTAL STRUCTURE OF THE YCAC GENE PRODUCT FROM ESCHERICHIA COLI REVEALS AN OCTAMERIC HYDROLASE OF UNKNOWN SPECIFICITY,YCAC GENE PRODUCT,Escherichia coli,562,GO:0008152,"GO:0003824, GO:0016787, GO:0016829, GO:0042802",,Isochorismatase,MTKPYVRLDKNDAAVLLVDHQAGLLSLVRDIEPDKFKNNVLALGDLAKYFNLPTILTTSAETGPNGPLVPELKAQFPDAPYIARPGNINAWDNEDFVKAVKATGKKQLIIAGVVTEVCVAFPALSAIEEGFDVFVVTDASGTFNEITRHSAWDRMSQAGAQLMTWFGVACELHRDWRNDIAGLATLFSNHIPDYRNLMTSYDTLTKQK
1YZV,A,HYPOTHETICAL PROTEIN FROM TRYPANOSOMA CRUZI,HYPOTHETICAL PROTEIN,Trypanosoma cruzi,5693,GO:0008152,GO:0003824,,Isochorismatase,MAHHHHHHMSRLLKHYGSCKTAFFCCDIQEKFMGRIANSANCVFVANRFAGLHTALGTAHSVYIVTEQYPKGLGATSADIRLPPDAHVFSKKRFAMLVPQVMPLVDLPEVEQVVLWGFETHVCILQTAAALLDMKKKVVIAVDGCGSQSQGDHCTAIQLMQSWSGDGCYISTSESILMQLLKDASDPVFKTIAPLMKQTHPIRI
2A67,A,Crystal structure of Isochorismatase family protein,isochorismatase family protein,Enterococcus faecalis,1351,GO:0008152,GO:0003824,,Isochorismatase,AMKNRALLLIDFQKGIESPTQQLYRLPAVLDKVNQRIAVYRQHHAPIIFVQHEETELPFGSDSWQLFEKLDTQPTDFFIRKTHANAFYQTNLNDLLTEQAVQTLEIAGVQTEFCVDTTIRMAHGLGYTCLMTPKTTSTLDNGHLTAAQIIQHHEAIWAGRFLTFLSL
2B34,A,Structure of MAR1 Ribonuclease from Caenorhabditis elegans,MAR1 Ribonuclease,Caenorhabditis elegans,6239,GO:0008152,GO:0003824,,Isochorismatase,MAARKLIARINPTNSALFVCDLQEKFASNIKYFPEIITTSRRLIDAARILSIPTIVTEQYPKGLGHTVPTLKEGLAENTPIFDKTKFSMCIPPTEDTLKKVQNVILVGIEAHVCVLQTTYDLLERGLNVHVVVDAVSSRSHTDRHFAFKQMEQAGAILTTSEATILGLVGGSDHPKFKEVQKLILTSAPDTGLVPLSKL
2FQ1,A,Crystal structure of the two-domain non-ribosomal peptide synthetase EntB containing isochorismate lyase and aryl-carrier protein domains,Isochorismatase,Escherichia coli,562,"GO:0008152, GO:0009239","GO:0000287, GO:0003824, GO:0005515, GO:0008908, GO:0016765, GO:0016787, GO:0016874, GO:0031177, GO:0042802, GO:0046872, GO:0047527",3.3.2.1,"PP-binding, Isochorismatase",GHMAIPKLQAYALPESHDIPQNKVDWAFEPQRAALLIHDMQDYFVSFWGENCPMMEQVIANIAALRDYCKQHNIPVYYTAQPKEQSDEDRALLNDMWGPGLTRSPEQQKVVDRLTPDADDTVLVKWRYSAFHRSPLEQMLKESGRNQLIITGVYAHIGCMTTATDAFMRDIKPFMVADALADFSRDEHLMSLKYVAGRSGRVVMTEELLPAPIPASKAALREVILPLLDESDEPFDDDNLIDYGLDSVRMMALAARWRKVHGDIDFVMLAKNPTIDAWWKLLSREVK
2H0R,A,Structure of the Yeast Nicotinamidase Pnc1p,Nicotinamidase,Saccharomyces cerevisiae,4932,"GO:0000183, GO:0001302, GO:0006348, GO:0006769, GO:0008152, GO:0019358, GO:0019363, GO:1904524","GO:0003824, GO:0008936, GO:0016787, GO:0046872",3.5.1.19,Isochorismatase,MKTLIVVDMQNDFISPLGSLTVPKGEELINPISDLMQDADRDWHRIVVTRDWHPSRHISFAKNHKDKEPYSTYTYHSPRPGDDSTQEGILWPVHCVKNTWGSQLVDQIMDQVVTKHIKIVDKGFLTDREYYSAFHDIWNFHKTDMNKYLEKHHTDEVYIVGVALEYCVKATAISAAELGYKTTVLLDYTRPISDDPEVINKVKEELKAHNINVVDK
3EEF,A,Crystal structure of N-carbamoylsarcosine amidase from thermoplasma acidophilum,N-carbamoylsarcosine amidase related protein,Thermoplasma acidophilum,2303,GO:0008152,"GO:0003824, GO:0046872",3.5.1.59,Isochorismatase,MKPALVVVDMVNEFIHGRLATPEAMKTVGPARKVIETFRRSGLPVVYVNDSHYPDDPEIRIWGRHSMKGDDGSEVIDEIRPSAGDYVLEKHAYSGFYGTNLDMILRANGIDTVVLIGLDADICVRHTAADALYRNYRIIVVEDAVAARIDPNWKDYFTRVYGATVKRSDEIEGMLQEDQIET
3HB7,A,The Crystal Structure of an Isochorismatase-like Hydrolase from Alkaliphilus metalliredigens to 2.3A,Isochorismatase hydrolase,Alkaliphilus metalliredigens,208226,GO:0008152,"GO:0003824, GO:0016787",,Isochorismatase,YFQGMAKHAILVIDMLNDFVGEKAPLRCPGGETIIPDLQKIFEWVRGREGDDIHLVHIQEAHRKNDADFRVRPLHAVKGTWGSDFIPELYPQEDEYIVQKRRHSGFAHTDLDLYLKEEGIDTVVLTGVWTNVCVRSTATDALANAYKVITLSDGTASKTEEMHEYGLNDLSIFTKVMTVDQYIQAWENDEDPWVGGGDAQNKVK
3HU5,A,CRYSTAL STRUCTURE OF isochorismatase family protein from Desulfovibrio vulgaris subsp. vulgaris str. Hildenborough,Isochorismatase family protein,Desulfovibrio vulgaris,881,GO:0008152,GO:0003824,,Isochorismatase,MSLTRNRTVALAIIDMQNDFVLPGAPACVEGAMGTVPVIAGLLAKARAEGWMVLHVVRAHRADGSDAEKSREHLFLEGGGLCVAGTPGAEIVAGLEPASGETVLVKTRFSAFMGTECDMLLRRRGVDTLLVSGTQYPNCIRGTAVDAFALDYDVVVVTDACSARTPGVAESNINDMRAMGITCVPLTALDDVLARREGHHHHHH
3IRV,A,CRYSTAL STRUCTURE OF CYSTEINE HYDROLASE PSPPH_2384 FROM Pseudomonas syringae pv. phaseolicola 1448A,CYSTEINE HYDROLASE,Pseudomonas savastanoi,29438,GO:0008152,GO:0003824,,Isochorismatase,MSLAEVNPMSKPLVRWPINPLRTAVIVVDMQKVFCEPTGALYVKSTADIVQPIQKLLQAARAAQVMVIYLRHIVRGDGSDTGRMRDLYPNVDQILARHDPDVEVIEALAPQSDDVIVDKLFYSGFHNTDLDTVLRARDVDTIIVCGTVTNVCCETTIRDGVHREYKVIALSDANAAMDYPDVGFGAVSAADVQRISLTTIAYEFGEVTTTAEVIRRIESAYPHGREGHHHHHH
3KL2,A,Crystal structure of a putative isochorismatase from Streptomyces avermitilis,Putative isochorismatase,Streptomyces avermitilis,33903,GO:0008152,GO:0003824,,Isochorismatase,MSLTTSKTRKSGVAMTEKLELDPARTAIVLIEYQNEFTSDGGVLHGAVADVMQHTGMLANTVAVVDAARQAGVPIMHAPITFAEGYGELTRHPYGILKGVVDGKAFVKGTWGAAIVDELAPVNGDIVIEGKRGLDTFASTNLDFILRSKGVDTIVLGGFLTNCCVESTMRTGYERGFRVITLTDCVAATSQEEHNNAISYDFPMFSVPMTSADVIAALEGHHHHHH
3LQY,A,Crystal structure of putative isochorismatase hydrolase from Oleispira antarctica,putative isochorismatase hydrolase,Oleispira antarctica,188908,GO:0008152,GO:0003824,,Isochorismatase,GMTTENTTALLLIDFQNDYFSTYNGAKNPLVGTEAAAEQGAKLLAKFRQQGLPVVHVRHEFPTDEAPFFLPGSDGAKIHPSVAAQEGEAVVLKHQINSFRDTDLKKVLDDAGIKKLVIVGAMTHMCIDAVTRAAEDLGYECAVAHDACATLDLEFNGITVPAAQVHAAFMSALSFAYANVASADELIAGL
3MCW,A,Crystal structure of an a putative hydrolase of the isochorismatase family (CV_1320) from Chromobacterium violaceum ATCC 12472 at 1.06 A resolution,Putative hydrolase,Chromobacterium violaceum,536,GO:0008152,GO:0003824,,Isochorismatase,GMPAPLRFSSDKPLLLLIDMQQAVDDPSWGPRNHPQAEQACAGLLQAWRARGLPLIHIRHDSVEPNSTYRPGQPGHAFKPEVEPRPGETVIAKQTNSAFIGTGLEALLRANGWLELVVAGVSTSNSVEATVRMAGNLGFAVCLAEDGCFTFDKTDWHGRRRSADEVHAMSLANLDGEYCRVCGSADILAALGNIAGAA
3O90,A,High resolution crystal structures of Streptococcus pneumoniae nicotinamidase with trapped intermediates provide insights into catalytic mechanism and inhibition by aldehydes,nicotinamidase,Streptococcus pneumoniae,1313,GO:0008152,"GO:0003824, GO:0046872",,Isochorismatase,MGSSHHHHHHSSGLVPRGSHMTKALISIDYTEDFVADSGKLTAGAPAQAISDAISKVTRLAFERGDYIFFTIDAHEENDCFHPESKLFPPHNLIGTSGRNLYGDLGIFYQEHGSDSRVFWMDKRHYSAFSGTDLDIRLRERRVSTVILTGVLTDICVLHTAIDAYNLGYDIEIVKPAVASIWPENHQFALGHFKNTLGAKLVDENLNELFE
3O91,A,High resolution crystal structures of Streptococcus pneumoniae nicotinamidase with trapped intermediates provide insights into catalytic mechanism and inhibition by aldehydes,nicotinamidase,Streptococcus pneumoniae,1313,GO:0008152,"GO:0003824, GO:0046872",,Isochorismatase,MGSSHHHHHHSSGLVPRGSHMTKALISIDYTEDFVADSGKLTAGAPAQAISDAISKVTRLAFERGDYIFFTIDAHEENDCFHPESKLFPPHNLIGTSGRNLYGDLGIFYQEHGSDSRVFWMDKRHYSAFSGTDLDIRLRERRVSTVILTGVLTDICVLHTAIDAYNLGYDIEIVKPAVASIWPENHQFALGHFKNTLGAKLVDENLNELFE
3O94,A,High resolution crystal structures of Streptococcus pneumoniae nicotinamidase with trapped intermediates provide insights into catalytic mechanism and inhibition by aldehydes,nicotinamidase,Streptococcus pneumoniae,1313,GO:0008152,"GO:0003824, GO:0046872",,Isochorismatase,MGSSHHHHHHSSGLVPRGSHMTKALISIDYTEDFVADSGKLTAGAPAQAISDAISKVTRLAFERGDYIFFTIDAHEENDCFHPESKLFPPHNLIGTSGRNLYGDLGIFYQEHGSDSRVFWMDKRHYSAFSGTDLDIRLRERRVSTVILTGVLTDISVLHTAIDAYNLGYDIEIVKPAVASIWPENHQFALGHFKNTLGAKLVDENLNELFE
3OQP,A,Crystal structure of a putative isochorismatase (Bxe_A0706) from BURKHOLDERIA XENOVORANS LB400 at 1.22 A resolution,Putative isochorismatase,Paraburkholderia xenovorans,36873,GO:0008152,"GO:0003824, GO:0016787",,Isochorismatase,GMTTPRRALIVIDVQNEYVTGDLPIEYPDVQSSLANIARAMDAARAAGVPVVIVQNFAPAGSPLFARGSNGAELHPVVSERARDHYVEKSLPSAFTGTDLAGWLAARQIDTLTVTGYMTHNCDASTINHAVHSGLAVEFLHDATGSVPYENSAGFASAEEIHRVFSVVLQSRFAAVASTDEWIAAVQGGTPLARGNIYASNQKARARRATA
3OT4,A,Structure and Catalytic Mechanism of Bordetella bronchiseptica nicF,Putative isochorismatase,Bordetella bronchiseptica,518,GO:0008152,GO:0003824,3.5.1.107,Isochorismatase,GSDKIHHHHHHSSGENLYFQGHMGNDLGSYERQGFGAALPLKAPYGLLIVDFVNGFADPAQFGGGNIAAAIETTRTVLAAARERGWAVAHSRIVYADDDADGNIFSIKVPGMLTLKEHAPASAIVPQLAPQAGEYVVRKSTPSAFYGTMLAAWLAQRGVQTLLVAGATTSGCVRASVVDAMSAGFRPLVLSDCVGDRALGPHEANLFDMRQKYAAVMTHDEALAKTKGLEHHHHHH
3PL1,A,Determination of the crystal structure of the pyrazinamidase from M.tuberculosis : a structure-function analysis for prediction resistance to pyrazinamide.,PYRAZINAMIDASE/NICOTINAMIDASE PNCA (PZase),Mycobacterium tuberculosis,1773,"GO:0006769, GO:0008152, GO:0016999, GO:0034355","GO:0003824, GO:0005506, GO:0008936, GO:0016787, GO:0016811, GO:0030145, GO:0046872",3.5.1.19,Isochorismatase,MRALIIVDVQNDFCEGGSLAVTGGAALARAISDYLAEAADYHHVVATKDFHIDPGDHFSGTPDYSSSWPPHCVSGTPGADFHPSLDTSAIEAVFYKGAYTGAYSGFEGVDENGTPLLNWLRQRGVDEVDVVGIATDHCVRQTAEDAVRNGLATRVLVDLTAGVSADTTVAALEEMRTASVELVCSS
3R2J,A,Crystal Structure of PnC1 from L. infantum in complex with nicotinate,Alpha/beta-hydrolase-like protein,Leishmania infantum,5671,GO:0008152,"GO:0003824, GO:0016787, GO:0046872",3.5.1.19,Isochorismatase,MAHHHHHHVGTGSNDDDDKSPDPPTLCVTVSSTTDVLIIADMQVDFLAPGGSLHVKGGEALLDGINAVSSQLPFRYQVATQDWHPENHCSFVTHGGPWPPHCVQGSAGAQLHAGLHTQRINAVIRKGVTQQADSYSAFVEDNGVSTGLAGLLHSIGARRVFVCGVAYDFCVFFTAMDARKNGFSVVLLEDLTAAVDDAAWSARTAELKDAGVVLLKSSALVAEGTQT
3R77,A,Crystal structure of the D38A mutant of isochorismatase PhzD from Pseudomonas fluorescens 2-79 in complex with 2-amino-2-desoxyisochorismate ADIC,Probable isochorismatase,Pseudomonas fluorescens,294,"GO:0002047, GO:0008152, GO:0009405, GO:0017000","GO:0003824, GO:0008908, GO:0016787",3.3.2.1,Isochorismatase,GHMTGIPSIVPYALPTSRDLPANLAQWHIDPERAVLLVHAMQRYFLRPLPDALRDQVVGNAARIRQWAADNGVPVAYTAQPGSMNEEQRGLLKDFWGPGMKASPTDREVVDALAPQPGDWLLTKWRYSAFFNSDLLQRLHASGRDQLILCGVYAHVGVLISSVDAYSNDIQPFLVADAIADFSKEHHWMAMEYAASRCAMVITTDEVVL
3S2S,A,The crystal structure of pyrazinamidase/nicotinamidase from streptococcus mutans UA159,Putative pyrazinamidase/nicotinamidase,Streptococcus mutans,1309,GO:0008152,"GO:0003824, GO:0046872",3.5.1.19,Isochorismatase,MGSSHHHHHHSSGLVPRGSHMASMTGGQQMGRGSMSKALISIDYTYDFVADDGKLTAGKPAQAISKAIAQVTQKAYDNGDYIFFTIDGHDEGDDFHPETKLFPPHNIKGTSGRDLYGALADFYQKHENDKRVFWMDKRHYSAFSGTDLDIRLRERRVDTVVLTGVLTDICVLHTAIDAYNLGYQIEVVQSAVASLSQENHQFALNHLQNVLGATIIE
3TB4,A,Crystal structure of the ISC domain of VibB,Vibriobactin-specific isochorismatase,Vibrio cholerae,666,GO:0008152,"GO:0003824, GO:0008908",3.3.2.1,Isochorismatase,MAIPKIASYPLPVSLPTNKVDWRIDASRAVLLIHDMQEYFVHYFDSQAEPIPSLIKHIQQLKAHAKQAGIPVVYTAQPANQDPAERALLSDFWGPGLSEETAIIAPLAPESGDVQLTKWRYSAFKKSPLLDWLRETGRDQLIITGVYAHIGILSTALDAFMFDIQPFVIGDGVADFSLSDHEFSLRYISGRTGAVKSTQQACLEIAAQHSKLTGLLEHHHHHH
3TG2,A,Crystal structure of the ISC domain of VibB in complex with isochorismate,Vibriobactin-specific isochorismatase,Vibrio cholerae,666,GO:0008152,"GO:0003824, GO:0008908",3.3.2.1,Isochorismatase,MAIPKIASYPLPVSLPTNKVDWRIDASRAVLLIHNMQEYFVHYFDSQAEPIPSLIKHIQQLKAHAKQAGIPVVYTAQPANQDPAERALLSDFWGPGLSEETAIIAPLAPESGDVQLTKWRYSAFKKSPLLDWLRETGRDQLIITGVYAHIGILSTALDAFMFDIQPFVIGDGVADFSLSDHEFSLRYISGRTGAVKSTQQACLEIAAQHSKLTGLLEHHHHHH
3TXY,A,Structure of an Isochorismatase family protein (BTH_II2229) from Burkholderia thailandensis,Isochorismatase family protein family,Burkholderia thailandensis,57975,GO:0008152,GO:0003824,,Isochorismatase,GPGSMSIPTLNPTVALVAIDLQNGIVVLPMVPQSGGDVVAKTAELANAFRARKLPVIFVHTSYQPDGAVALKVKTDVPPSPPNLDPEWSAFAPALGVQPLDVVVTKHQWGAFTGTDLDVQLRRRGITDIVLTGIATNIGVESTAREAYENNYNVVVVSDAVSTWSTDAQTFALTQIFPKLGQVATAADVEAALETQQTR
3V8E,A,Crystal structure of the yeast nicotinamidase Pnc1p bound to the inhibitor nicotinaldehyde,Nicotinamidase,Saccharomyces cerevisiae,4932,"GO:0000183, GO:0001302, GO:0006348, GO:0006769, GO:0008152, GO:0019358, GO:0019363, GO:1904524","GO:0003824, GO:0008936, GO:0016787, GO:0046872",3.5.1.19,Isochorismatase,MKTLIVVDMQNDFISPLGSLTVPKGEELINPISDLMQDADRDWHRIVVTRDWHPSRHISFAKNHKDKEPYSTYTYHSPRPGDDSTQEGILWPVHCVKNTWGSQLVDQIMDQVVTKHIKIVDKGFLTDREYYSAFHDIWNFHKTDMNKYLEKHHTDEVYIVGVALEYCVKATAISAAELGYKTTVLLDYTRPISDDPEVINKVKEELKAHNINVVDK
4H17,A,Crystal structure of an isochorismatase (PP1826) from Pseudomonas putida KT2440 at 1.60 A resolution,"Hydrolase, isochorismatase family",Pseudomonas putida,303,GO:0008152,"GO:0003824, GO:0016787",,Isochorismatase,GMSVPTTMFRLTGRDYPPAKLSHASLIIIDAQKEYLSGPLKLSGMDEAVANIARLLDAARKSGRPIIHVRHLGTVGGRFDPQGPAGQFIPGLEPLEGEIVIEKRMPNAFKNTKLHETLQELGHLDLIVCGFMSHSSVSTTVRRAKDYGYRCTLVEDASATRDLAFKDGVIPAAQIHQCEMAVMADNFACVAPTASLI
4L07,A,Crystal structure of the maleamate amidase Ami from Pseudomonas putida S16,"Hydrolase, isochorismatase family",Pseudomonas putida,303,GO:0008152,"GO:0003824, GO:0016787",,Isochorismatase,MSQKEVYDAAGFGNPVSRGVHPAIIVVDFSYGFTDLQYPTASDASLQMSRTKEICDLARALEFPVIFTTIAYHPGEIPMLPWLEKSSGMAALLYGSRLVEIDMATGIQPNDVVVVKKGASSFFGSTLSSLLAGTNTDTVVVTGATTSGCVRATVVDAVQSGFKVLVPADCCADRAKGPHEASLYDIQQKYGDVTDSDDILKWLRSVAG
4WGF,A,"YcaC from Pseudomonas aeruginosa with hexane-2,5-diol and covalent acrylamide",Probable hydrolase,Pseudomonas aeruginosa,287,GO:0008152,"GO:0003824, GO:0016787",,Isochorismatase,MSFTYKRLDKNDAAVLFVDHQAGLLSLVRDFSPDEFKNNVLALADIARFFNLPTILTTSFEDGPNGPLVPELKEMFPQAPYIARPGNINAWDNEDFVKAVKATGKKQLIIAGVVTDVCVAFPTLSALEEGFDVFVVTDASGTFNPVVRDAAWARMTAAGAQLMNWFSVGCELHRDWRNDIEGFGAILGGHLPAYANLIQSFGTKK
4WHO,A,"Resting Protocatechuate 3,4-dioxygenase (pseudomonas putida) at pH 8.5","Protocatechuate 3,4-dioxygenase alpha chain",Pseudomonas putida,303,"GO:0006725, GO:0019439, GO:0042952, GO:0055114","GO:0003824, GO:0005506, GO:0008199, GO:0016491, GO:0016702, GO:0018578, GO:0051213",1.13.11.3,Dioxygenase_C,PIELLPETPSQTAGPYVHIGLALEAAGNPTRDQEIWNRLAKPDAPGEHILLLGQVYDGNGHLVRDSFLEVWQADANGEYQDAYNLENAFNSFGRTATTFDAGEWTLHTVKPGVVNNAAGVPMAPHINISLFARGINIHLHTRLYFDDEAQANAKCPVLNLIEQPQRRETLIAKRCEVDGKTAYRFDIRIQGEGETVFFDF
1J2R,B,Crystal structure of Escherichia coli gene product Yecd at 1.3 A resolution,Hypothetical isochorismatase family protein yecD,Escherichia coli,562,GO:0008152,"GO:0003824, GO:0016787",,,MRHDFVFSGVIMLELNAKTTALVVIDLQEGILPFAGGPHTADEVVNRAGKLAAKFRASGQPVFLVRVGWSADYAEALKQPVDAPSPAKVLPENWWQHPAALGTTDSDIEIIKRQWGAFYGTDLELQLRRRGIDTIVLCGISTNIGVESTARNAWELGFNLVIAEDACSAASAEQHNNSINHIYPRIARVRSVEEILNAL
1NBA,B,"CRYSTAL STRUCTURE ANALYSIS, REFINEMENT AND ENZYMATIC REACTION MECHANISM OF N-CARBAMOYLSARCOSINE AMIDOHYDROLASE FROM ARTHROBACTER SP. AT 2.0 ANGSTROMS RESOLUTION",N-CARBAMOYLSARCOSINE AMIDOHYDROLASE,Arthrobacter sp.,1667,"GO:0006602, GO:0008152","GO:0003824, GO:0016787, GO:0050127",3.5.1.59,,MTETSGTFNDIEARLAAVLEEAFEAGTSIYNERGFKRRIGYGNRPAVIHIDLANAWTQPGHPFSCPGMETIIPNVQRINEAARAKGVPVFYTTNVYRNRDASSGTNDMGLWYSKIPTETLPADSYWAQIDDRIAPADGEVVIEKNRASAFPGTNLELFLTSNRIDTLIVTGATAAGCVRHTVEDAIAKGFRPIIPRETIGDRVPGVVQWNLYDIDNKFGDVESTDSVVQYLDALPQFEDTVPKTLSDPQPEVEAPADPVFAEQH
1YAC,B,THE 1.8 ANGSTROM CRYSTAL STRUCTURE OF THE YCAC GENE PRODUCT FROM ESCHERICHIA COLI REVEALS AN OCTAMERIC HYDROLASE OF UNKNOWN SPECIFICITY,YCAC GENE PRODUCT,Escherichia coli,562,GO:0008152,"GO:0003824, GO:0016787, GO:0016829, GO:0042802",,,MTKPYVRLDKNDAAVLLVDHQAGLLSLVRDIEPDKFKNNVLALGDLAKYFNLPTILTTSAETGPNGPLVPELKAQFPDAPYIARPGNINAWDNEDFVKAVKATGKKQLIIAGVVTEVCVAFPALSAIEEGFDVFVVTDASGTFNEITRHSAWDRMSQAGAQLMTWFGVACELHRDWRNDIAGLATLFSNHIPDYRNLMTSYDTLTKQK
2A67,B,Crystal structure of Isochorismatase family protein,isochorismatase family protein,Enterococcus faecalis,1351,GO:0008152,GO:0003824,,,AMKNRALLLIDFQKGIESPTQQLYRLPAVLDKVNQRIAVYRQHHAPIIFVQHEETELPFGSDSWQLFEKLDTQPTDFFIRKTHANAFYQTNLNDLLTEQAVQTLEIAGVQTEFCVDTTIRMAHGLGYTCLMTPKTTSTLDNGHLTAAQIIQHHEAIWAGRFLTFLSL
2B34,B,Structure of MAR1 Ribonuclease from Caenorhabditis elegans,MAR1 Ribonuclease,Caenorhabditis elegans,6239,GO:0008152,GO:0003824,,,MAARKLIARINPTNSALFVCDLQEKFASNIKYFPEIITTSRRLIDAARILSIPTIVTEQYPKGLGHTVPTLKEGLAENTPIFDKTKFSMCIPPTEDTLKKVQNVILVGIEAHVCVLQTTYDLLERGLNVHVVVDAVSSRSHTDRHFAFKQMEQAGAILTTSEATILGLVGGSDHPKFKEVQKLILTSAPDTGLVPLSKL
2FQ1,B,Crystal structure of the two-domain non-ribosomal peptide synthetase EntB containing isochorismate lyase and aryl-carrier protein domains,Isochorismatase,Escherichia coli,562,"GO:0008152, GO:0009239","GO:0000287, GO:0003824, GO:0005515, GO:0008908, GO:0016765, GO:0016787, GO:0016874, GO:0031177, GO:0042802, GO:0046872, GO:0047527",3.3.2.1,,GHMAIPKLQAYALPESHDIPQNKVDWAFEPQRAALLIHDMQDYFVSFWGENCPMMEQVIANIAALRDYCKQHNIPVYYTAQPKEQSDEDRALLNDMWGPGLTRSPEQQKVVDRLTPDADDTVLVKWRYSAFHRSPLEQMLKESGRNQLIITGVYAHIGCMTTATDAFMRDIKPFMVADALADFSRDEHLMSLKYVAGRSGRVVMTEELLPAPIPASKAALREVILPLLDESDEPFDDDNLIDYGLDSVRMMALAARWRKVHGDIDFVMLAKNPTIDAWWKLLSREVK
2H0R,B,Structure of the Yeast Nicotinamidase Pnc1p,Nicotinamidase,Saccharomyces cerevisiae,4932,"GO:0000183, GO:0001302, GO:0006348, GO:0006769, GO:0008152, GO:0019358, GO:0019363, GO:1904524","GO:0003824, GO:0008936, GO:0016787, GO:0046872",3.5.1.19,,MKTLIVVDMQNDFISPLGSLTVPKGEELINPISDLMQDADRDWHRIVVTRDWHPSRHISFAKNHKDKEPYSTYTYHSPRPGDDSTQEGILWPVHCVKNTWGSQLVDQIMDQVVTKHIKIVDKGFLTDREYYSAFHDIWNFHKTDMNKYLEKHHTDEVYIVGVALEYCVKATAISAAELGYKTTVLLDYTRPISDDPEVINKVKEELKAHNINVVDK
3EEF,B,Crystal structure of N-carbamoylsarcosine amidase from thermoplasma acidophilum,N-carbamoylsarcosine amidase related protein,Thermoplasma acidophilum,2303,GO:0008152,"GO:0003824, GO:0046872",3.5.1.59,,MKPALVVVDMVNEFIHGRLATPEAMKTVGPARKVIETFRRSGLPVVYVNDSHYPDDPEIRIWGRHSMKGDDGSEVIDEIRPSAGDYVLEKHAYSGFYGTNLDMILRANGIDTVVLIGLDADICVRHTAADALYRNYRIIVVEDAVAARIDPNWKDYFTRVYGATVKRSDEIEGMLQEDQIET
3HB7,B,The Crystal Structure of an Isochorismatase-like Hydrolase from Alkaliphilus metalliredigens to 2.3A,Isochorismatase hydrolase,Alkaliphilus metalliredigens,208226,GO:0008152,"GO:0003824, GO:0016787",,,YFQGMAKHAILVIDMLNDFVGEKAPLRCPGGETIIPDLQKIFEWVRGREGDDIHLVHIQEAHRKNDADFRVRPLHAVKGTWGSDFIPELYPQEDEYIVQKRRHSGFAHTDLDLYLKEEGIDTVVLTGVWTNVCVRSTATDALANAYKVITLSDGTASKTEEMHEYGLNDLSIFTKVMTVDQYIQAWENDEDPWVGGGDAQNKVK
3HU5,B,CRYSTAL STRUCTURE OF isochorismatase family protein from Desulfovibrio vulgaris subsp. vulgaris str. Hildenborough,Isochorismatase family protein,Desulfovibrio vulgaris,881,GO:0008152,GO:0003824,,,MSLTRNRTVALAIIDMQNDFVLPGAPACVEGAMGTVPVIAGLLAKARAEGWMVLHVVRAHRADGSDAEKSREHLFLEGGGLCVAGTPGAEIVAGLEPASGETVLVKTRFSAFMGTECDMLLRRRGVDTLLVSGTQYPNCIRGTAVDAFALDYDVVVVTDACSARTPGVAESNINDMRAMGITCVPLTALDDVLARREGHHHHHH
3KL2,B,Crystal structure of a putative isochorismatase from Streptomyces avermitilis,Putative isochorismatase,Streptomyces avermitilis,33903,GO:0008152,GO:0003824,,,MSLTTSKTRKSGVAMTEKLELDPARTAIVLIEYQNEFTSDGGVLHGAVADVMQHTGMLANTVAVVDAARQAGVPIMHAPITFAEGYGELTRHPYGILKGVVDGKAFVKGTWGAAIVDELAPVNGDIVIEGKRGLDTFASTNLDFILRSKGVDTIVLGGFLTNCCVESTMRTGYERGFRVITLTDCVAATSQEEHNNAISYDFPMFSVPMTSADVIAALEGHHHHHH
3MCW,B,Crystal structure of an a putative hydrolase of the isochorismatase family (CV_1320) from Chromobacterium violaceum ATCC 12472 at 1.06 A resolution,Putative hydrolase,Chromobacterium violaceum,536,GO:0008152,GO:0003824,,,GMPAPLRFSSDKPLLLLIDMQQAVDDPSWGPRNHPQAEQACAGLLQAWRARGLPLIHIRHDSVEPNSTYRPGQPGHAFKPEVEPRPGETVIAKQTNSAFIGTGLEALLRANGWLELVVAGVSTSNSVEATVRMAGNLGFAVCLAEDGCFTFDKTDWHGRRRSADEVHAMSLANLDGEYCRVCGSADILAALGNIAGAA
3O90,B,High resolution crystal structures of Streptococcus pneumoniae nicotinamidase with trapped intermediates provide insights into catalytic mechanism and inhibition by aldehydes,nicotinamidase,Streptococcus pneumoniae,1313,GO:0008152,"GO:0003824, GO:0046872",,,MGSSHHHHHHSSGLVPRGSHMTKALISIDYTEDFVADSGKLTAGAPAQAISDAISKVTRLAFERGDYIFFTIDAHEENDCFHPESKLFPPHNLIGTSGRNLYGDLGIFYQEHGSDSRVFWMDKRHYSAFSGTDLDIRLRERRVSTVILTGVLTDICVLHTAIDAYNLGYDIEIVKPAVASIWPENHQFALGHFKNTLGAKLVDENLNELFE
3O91,B,High resolution crystal structures of Streptococcus pneumoniae nicotinamidase with trapped intermediates provide insights into catalytic mechanism and inhibition by aldehydes,nicotinamidase,Streptococcus pneumoniae,1313,GO:0008152,"GO:0003824, GO:0046872",,,MGSSHHHHHHSSGLVPRGSHMTKALISIDYTEDFVADSGKLTAGAPAQAISDAISKVTRLAFERGDYIFFTIDAHEENDCFHPESKLFPPHNLIGTSGRNLYGDLGIFYQEHGSDSRVFWMDKRHYSAFSGTDLDIRLRERRVSTVILTGVLTDICVLHTAIDAYNLGYDIEIVKPAVASIWPENHQFALGHFKNTLGAKLVDENLNELFE
3O94,B,High resolution crystal structures of Streptococcus pneumoniae nicotinamidase with trapped intermediates provide insights into catalytic mechanism and inhibition by aldehydes,nicotinamidase,Streptococcus pneumoniae,1313,GO:0008152,"GO:0003824, GO:0046872",,,MGSSHHHHHHSSGLVPRGSHMTKALISIDYTEDFVADSGKLTAGAPAQAISDAISKVTRLAFERGDYIFFTIDAHEENDCFHPESKLFPPHNLIGTSGRNLYGDLGIFYQEHGSDSRVFWMDKRHYSAFSGTDLDIRLRERRVSTVILTGVLTDISVLHTAIDAYNLGYDIEIVKPAVASIWPENHQFALGHFKNTLGAKLVDENLNELFE
3OQP,B,Crystal structure of a putative isochorismatase (Bxe_A0706) from BURKHOLDERIA XENOVORANS LB400 at 1.22 A resolution,Putative isochorismatase,Paraburkholderia xenovorans,36873,GO:0008152,"GO:0003824, GO:0016787",,,GMTTPRRALIVIDVQNEYVTGDLPIEYPDVQSSLANIARAMDAARAAGVPVVIVQNFAPAGSPLFARGSNGAELHPVVSERARDHYVEKSLPSAFTGTDLAGWLAARQIDTLTVTGYMTHNCDASTINHAVHSGLAVEFLHDATGSVPYENSAGFASAEEIHRVFSVVLQSRFAAVASTDEWIAAVQGGTPLARGNIYASNQKARARRATA
3OT4,B,Structure and Catalytic Mechanism of Bordetella bronchiseptica nicF,Putative isochorismatase,Bordetella bronchiseptica,518,GO:0008152,GO:0003824,3.5.1.107,,GSDKIHHHHHHSSGENLYFQGHMGNDLGSYERQGFGAALPLKAPYGLLIVDFVNGFADPAQFGGGNIAAAIETTRTVLAAARERGWAVAHSRIVYADDDADGNIFSIKVPGMLTLKEHAPASAIVPQLAPQAGEYVVRKSTPSAFYGTMLAAWLAQRGVQTLLVAGATTSGCVRASVVDAMSAGFRPLVLSDCVGDRALGPHEANLFDMRQKYAAVMTHDEALAKTKGLEHHHHHH
3R2J,B,Crystal Structure of PnC1 from L. infantum in complex with nicotinate,Alpha/beta-hydrolase-like protein,Leishmania infantum,5671,GO:0008152,"GO:0003824, GO:0016787, GO:0046872",3.5.1.19,,MAHHHHHHVGTGSNDDDDKSPDPPTLCVTVSSTTDVLIIADMQVDFLAPGGSLHVKGGEALLDGINAVSSQLPFRYQVATQDWHPENHCSFVTHGGPWPPHCVQGSAGAQLHAGLHTQRINAVIRKGVTQQADSYSAFVEDNGVSTGLAGLLHSIGARRVFVCGVAYDFCVFFTAMDARKNGFSVVLLEDLTAAVDDAAWSARTAELKDAGVVLLKSSALVAEGTQT
3R77,B,Crystal structure of the D38A mutant of isochorismatase PhzD from Pseudomonas fluorescens 2-79 in complex with 2-amino-2-desoxyisochorismate ADIC,Probable isochorismatase,Pseudomonas fluorescens,294,"GO:0002047, GO:0008152, GO:0009405, GO:0017000","GO:0003824, GO:0008908, GO:0016787",3.3.2.1,,GHMTGIPSIVPYALPTSRDLPANLAQWHIDPERAVLLVHAMQRYFLRPLPDALRDQVVGNAARIRQWAADNGVPVAYTAQPGSMNEEQRGLLKDFWGPGMKASPTDREVVDALAPQPGDWLLTKWRYSAFFNSDLLQRLHASGRDQLILCGVYAHVGVLISSVDAYSNDIQPFLVADAIADFSKEHHWMAMEYAASRCAMVITTDEVVL
3S2S,B,The crystal structure of pyrazinamidase/nicotinamidase from streptococcus mutans UA159,Putative pyrazinamidase/nicotinamidase,Streptococcus mutans,1309,GO:0008152,"GO:0003824, GO:0046872",3.5.1.19,,MGSSHHHHHHSSGLVPRGSHMASMTGGQQMGRGSMSKALISIDYTYDFVADDGKLTAGKPAQAISKAIAQVTQKAYDNGDYIFFTIDGHDEGDDFHPETKLFPPHNIKGTSGRDLYGALADFYQKHENDKRVFWMDKRHYSAFSGTDLDIRLRERRVDTVVLTGVLTDICVLHTAIDAYNLGYQIEVVQSAVASLSQENHQFALNHLQNVLGATIIE
3V8E,B,Crystal structure of the yeast nicotinamidase Pnc1p bound to the inhibitor nicotinaldehyde,Nicotinamidase,Saccharomyces cerevisiae,4932,"GO:0000183, GO:0001302, GO:0006348, GO:0006769, GO:0008152, GO:0019358, GO:0019363, GO:1904524","GO:0003824, GO:0008936, GO:0016787, GO:0046872",3.5.1.19,,MKTLIVVDMQNDFISPLGSLTVPKGEELINPISDLMQDADRDWHRIVVTRDWHPSRHISFAKNHKDKEPYSTYTYHSPRPGDDSTQEGILWPVHCVKNTWGSQLVDQIMDQVVTKHIKIVDKGFLTDREYYSAFHDIWNFHKTDMNKYLEKHHTDEVYIVGVALEYCVKATAISAAELGYKTTVLLDYTRPISDDPEVINKVKEELKAHNINVVDK
4H17,B,Crystal structure of an isochorismatase (PP1826) from Pseudomonas putida KT2440 at 1.60 A resolution,"Hydrolase, isochorismatase family",Pseudomonas putida,303,GO:0008152,"GO:0003824, GO:0016787",,,GMSVPTTMFRLTGRDYPPAKLSHASLIIIDAQKEYLSGPLKLSGMDEAVANIARLLDAARKSGRPIIHVRHLGTVGGRFDPQGPAGQFIPGLEPLEGEIVIEKRMPNAFKNTKLHETLQELGHLDLIVCGFMSHSSVSTTVRRAKDYGYRCTLVEDASATRDLAFKDGVIPAAQIHQCEMAVMADNFACVAPTASLI
4L07,B,Crystal structure of the maleamate amidase Ami from Pseudomonas putida S16,"Hydrolase, isochorismatase family",Pseudomonas putida,303,GO:0008152,"GO:0003824, GO:0016787",,,MSQKEVYDAAGFGNPVSRGVHPAIIVVDFSYGFTDLQYPTASDASLQMSRTKEICDLARALEFPVIFTTIAYHPGEIPMLPWLEKSSGMAALLYGSRLVEIDMATGIQPNDVVVVKKGASSFFGSTLSSLLAGTNTDTVVVTGATTSGCVRATVVDAVQSGFKVLVPADCCADRAKGPHEASLYDIQQKYGDVTDSDDILKWLRSVAG
4WGF,B,"YcaC from Pseudomonas aeruginosa with hexane-2,5-diol and covalent acrylamide",Probable hydrolase,Pseudomonas aeruginosa,287,GO:0008152,"GO:0003824, GO:0016787",,,MSFTYKRLDKNDAAVLFVDHQAGLLSLVRDFSPDEFKNNVLALADIARFFNLPTILTTSFEDGPNGPLVPELKEMFPQAPYIARPGNINAWDNEDFVKAVKATGKKQLIIAGVVTDVCVAFPTLSALEEGFDVFVVTDASGTFNPVVRDAAWARMTAAGAQLMNWFSVGCELHRDWRNDIEGFGAILGGHLPAYANLIQSFGTKK
4WHO,B,"Resting Protocatechuate 3,4-dioxygenase (pseudomonas putida) at pH 8.5","Protocatechuate 3,4-dioxygenase beta chain",Pseudomonas putida,303,"GO:0006725, GO:0019439, GO:0019619, GO:0042952, GO:0055114","GO:0003824, GO:0005506, GO:0008199, GO:0016491, GO:0016702, GO:0018578, GO:0046872, GO:0051213",1.13.11.3,"Dioxygenase_C, PCDO_beta_N",PAQDNSRFVIRDRNWHPKALTPDYKTSIARSPRQALVSIPQSISETTGPNFSHLGFGAHDHDLLLNFNNGGLPIGERIIVAGRVVDQYGKPVPNTLVEMWQANAGGRYRHKNDRYLAPLDPNFGGVGRCLTDSDGYYSFRTIKPGPYPWRNGPNDWRPAHIHFGISGPSIATKLITQLYFEGDPLIPMCPIVKSIANPEAVQQLIAKLDMNNANPMDCLAYRFDIVLRGQRKTHFENC
1J2R,C,Crystal structure of Escherichia coli gene product Yecd at 1.3 A resolution,Hypothetical isochorismatase family protein yecD,Escherichia coli,562,GO:0008152,"GO:0003824, GO:0016787",,,MRHDFVFSGVIMLELNAKTTALVVIDLQEGILPFAGGPHTADEVVNRAGKLAAKFRASGQPVFLVRVGWSADYAEALKQPVDAPSPAKVLPENWWQHPAALGTTDSDIEIIKRQWGAFYGTDLELQLRRRGIDTIVLCGISTNIGVESTARNAWELGFNLVIAEDACSAASAEQHNNSINHIYPRIARVRSVEEILNAL
1NBA,C,"CRYSTAL STRUCTURE ANALYSIS, REFINEMENT AND ENZYMATIC REACTION MECHANISM OF N-CARBAMOYLSARCOSINE AMIDOHYDROLASE FROM ARTHROBACTER SP. AT 2.0 ANGSTROMS RESOLUTION",N-CARBAMOYLSARCOSINE AMIDOHYDROLASE,Arthrobacter sp.,1667,"GO:0006602, GO:0008152","GO:0003824, GO:0016787, GO:0050127",3.5.1.59,,MTETSGTFNDIEARLAAVLEEAFEAGTSIYNERGFKRRIGYGNRPAVIHIDLANAWTQPGHPFSCPGMETIIPNVQRINEAARAKGVPVFYTTNVYRNRDASSGTNDMGLWYSKIPTETLPADSYWAQIDDRIAPADGEVVIEKNRASAFPGTNLELFLTSNRIDTLIVTGATAAGCVRHTVEDAIAKGFRPIIPRETIGDRVPGVVQWNLYDIDNKFGDVESTDSVVQYLDALPQFEDTVPKTLSDPQPEVEAPADPVFAEQH
2A67,C,Crystal structure of Isochorismatase family protein,isochorismatase family protein,Enterococcus faecalis,1351,GO:0008152,GO:0003824,,,AMKNRALLLIDFQKGIESPTQQLYRLPAVLDKVNQRIAVYRQHHAPIIFVQHEETELPFGSDSWQLFEKLDTQPTDFFIRKTHANAFYQTNLNDLLTEQAVQTLEIAGVQTEFCVDTTIRMAHGLGYTCLMTPKTTSTLDNGHLTAAQIIQHHEAIWAGRFLTFLSL
2B34,C,Structure of MAR1 Ribonuclease from Caenorhabditis elegans,MAR1 Ribonuclease,Caenorhabditis elegans,6239,GO:0008152,GO:0003824,,,MAARKLIARINPTNSALFVCDLQEKFASNIKYFPEIITTSRRLIDAARILSIPTIVTEQYPKGLGHTVPTLKEGLAENTPIFDKTKFSMCIPPTEDTLKKVQNVILVGIEAHVCVLQTTYDLLERGLNVHVVVDAVSSRSHTDRHFAFKQMEQAGAILTTSEATILGLVGGSDHPKFKEVQKLILTSAPDTGLVPLSKL
2H0R,C,Structure of the Yeast Nicotinamidase Pnc1p,Nicotinamidase,Saccharomyces cerevisiae,4932,"GO:0000183, GO:0001302, GO:0006348, GO:0006769, GO:0008152, GO:0019358, GO:0019363, GO:1904524","GO:0003824, GO:0008936, GO:0016787, GO:0046872",3.5.1.19,,MKTLIVVDMQNDFISPLGSLTVPKGEELINPISDLMQDADRDWHRIVVTRDWHPSRHISFAKNHKDKEPYSTYTYHSPRPGDDSTQEGILWPVHCVKNTWGSQLVDQIMDQVVTKHIKIVDKGFLTDREYYSAFHDIWNFHKTDMNKYLEKHHTDEVYIVGVALEYCVKATAISAAELGYKTTVLLDYTRPISDDPEVINKVKEELKAHNINVVDK
3HB7,C,The Crystal Structure of an Isochorismatase-like Hydrolase from Alkaliphilus metalliredigens to 2.3A,Isochorismatase hydrolase,Alkaliphilus metalliredigens,208226,GO:0008152,"GO:0003824, GO:0016787",,,YFQGMAKHAILVIDMLNDFVGEKAPLRCPGGETIIPDLQKIFEWVRGREGDDIHLVHIQEAHRKNDADFRVRPLHAVKGTWGSDFIPELYPQEDEYIVQKRRHSGFAHTDLDLYLKEEGIDTVVLTGVWTNVCVRSTATDALANAYKVITLSDGTASKTEEMHEYGLNDLSIFTKVMTVDQYIQAWENDEDPWVGGGDAQNKVK
3KL2,C,Crystal structure of a putative isochorismatase from Streptomyces avermitilis,Putative isochorismatase,Streptomyces avermitilis,33903,GO:0008152,GO:0003824,,,MSLTTSKTRKSGVAMTEKLELDPARTAIVLIEYQNEFTSDGGVLHGAVADVMQHTGMLANTVAVVDAARQAGVPIMHAPITFAEGYGELTRHPYGILKGVVDGKAFVKGTWGAAIVDELAPVNGDIVIEGKRGLDTFASTNLDFILRSKGVDTIVLGGFLTNCCVESTMRTGYERGFRVITLTDCVAATSQEEHNNAISYDFPMFSVPMTSADVIAALEGHHHHHH
3O90,C,High resolution crystal structures of Streptococcus pneumoniae nicotinamidase with trapped intermediates provide insights into catalytic mechanism and inhibition by aldehydes,nicotinamidase,Streptococcus pneumoniae,1313,GO:0008152,"GO:0003824, GO:0046872",,,MGSSHHHHHHSSGLVPRGSHMTKALISIDYTEDFVADSGKLTAGAPAQAISDAISKVTRLAFERGDYIFFTIDAHEENDCFHPESKLFPPHNLIGTSGRNLYGDLGIFYQEHGSDSRVFWMDKRHYSAFSGTDLDIRLRERRVSTVILTGVLTDICVLHTAIDAYNLGYDIEIVKPAVASIWPENHQFALGHFKNTLGAKLVDENLNELFE
3O91,C,High resolution crystal structures of Streptococcus pneumoniae nicotinamidase with trapped intermediates provide insights into catalytic mechanism and inhibition by aldehydes,nicotinamidase,Streptococcus pneumoniae,1313,GO:0008152,"GO:0003824, GO:0046872",,,MGSSHHHHHHSSGLVPRGSHMTKALISIDYTEDFVADSGKLTAGAPAQAISDAISKVTRLAFERGDYIFFTIDAHEENDCFHPESKLFPPHNLIGTSGRNLYGDLGIFYQEHGSDSRVFWMDKRHYSAFSGTDLDIRLRERRVSTVILTGVLTDICVLHTAIDAYNLGYDIEIVKPAVASIWPENHQFALGHFKNTLGAKLVDENLNELFE
3O94,C,High resolution crystal structures of Streptococcus pneumoniae nicotinamidase with trapped intermediates provide insights into catalytic mechanism and inhibition by aldehydes,nicotinamidase,Streptococcus pneumoniae,1313,GO:0008152,"GO:0003824, GO:0046872",,,MGSSHHHHHHSSGLVPRGSHMTKALISIDYTEDFVADSGKLTAGAPAQAISDAISKVTRLAFERGDYIFFTIDAHEENDCFHPESKLFPPHNLIGTSGRNLYGDLGIFYQEHGSDSRVFWMDKRHYSAFSGTDLDIRLRERRVSTVILTGVLTDISVLHTAIDAYNLGYDIEIVKPAVASIWPENHQFALGHFKNTLGAKLVDENLNELFE
3OT4,C,Structure and Catalytic Mechanism of Bordetella bronchiseptica nicF,Putative isochorismatase,Bordetella bronchiseptica,518,GO:0008152,GO:0003824,3.5.1.107,,GSDKIHHHHHHSSGENLYFQGHMGNDLGSYERQGFGAALPLKAPYGLLIVDFVNGFADPAQFGGGNIAAAIETTRTVLAAARERGWAVAHSRIVYADDDADGNIFSIKVPGMLTLKEHAPASAIVPQLAPQAGEYVVRKSTPSAFYGTMLAAWLAQRGVQTLLVAGATTSGCVRASVVDAMSAGFRPLVLSDCVGDRALGPHEANLFDMRQKYAAVMTHDEALAKTKGLEHHHHHH
3R2J,C,Crystal Structure of PnC1 from L. infantum in complex with nicotinate,Alpha/beta-hydrolase-like protein,Leishmania infantum,5671,GO:0008152,"GO:0003824, GO:0016787, GO:0046872",3.5.1.19,,MAHHHHHHVGTGSNDDDDKSPDPPTLCVTVSSTTDVLIIADMQVDFLAPGGSLHVKGGEALLDGINAVSSQLPFRYQVATQDWHPENHCSFVTHGGPWPPHCVQGSAGAQLHAGLHTQRINAVIRKGVTQQADSYSAFVEDNGVSTGLAGLLHSIGARRVFVCGVAYDFCVFFTAMDARKNGFSVVLLEDLTAAVDDAAWSARTAELKDAGVVLLKSSALVAEGTQT
3S2S,C,The crystal structure of pyrazinamidase/nicotinamidase from streptococcus mutans UA159,Putative pyrazinamidase/nicotinamidase,Streptococcus mutans,1309,GO:0008152,"GO:0003824, GO:0046872",3.5.1.19,,MGSSHHHHHHSSGLVPRGSHMASMTGGQQMGRGSMSKALISIDYTYDFVADDGKLTAGKPAQAISKAIAQVTQKAYDNGDYIFFTIDGHDEGDDFHPETKLFPPHNIKGTSGRDLYGALADFYQKHENDKRVFWMDKRHYSAFSGTDLDIRLRERRVDTVVLTGVLTDICVLHTAIDAYNLGYQIEVVQSAVASLSQENHQFALNHLQNVLGATIIE
3V8E,C,Crystal structure of the yeast nicotinamidase Pnc1p bound to the inhibitor nicotinaldehyde,Nicotinamidase,Saccharomyces cerevisiae,4932,"GO:0000183, GO:0001302, GO:0006348, GO:0006769, GO:0008152, GO:0019358, GO:0019363, GO:1904524","GO:0003824, GO:0008936, GO:0016787, GO:0046872",3.5.1.19,,MKTLIVVDMQNDFISPLGSLTVPKGEELINPISDLMQDADRDWHRIVVTRDWHPSRHISFAKNHKDKEPYSTYTYHSPRPGDDSTQEGILWPVHCVKNTWGSQLVDQIMDQVVTKHIKIVDKGFLTDREYYSAFHDIWNFHKTDMNKYLEKHHTDEVYIVGVALEYCVKATAISAAELGYKTTVLLDYTRPISDDPEVINKVKEELKAHNINVVDK
4WGF,C,"YcaC from Pseudomonas aeruginosa with hexane-2,5-diol and covalent acrylamide",Probable hydrolase,Pseudomonas aeruginosa,287,GO:0008152,"GO:0003824, GO:0016787",,,MSFTYKRLDKNDAAVLFVDHQAGLLSLVRDFSPDEFKNNVLALADIARFFNLPTILTTSFEDGPNGPLVPELKEMFPQAPYIARPGNINAWDNEDFVKAVKATGKKQLIIAGVVTDVCVAFPTLSALEEGFDVFVVTDASGTFNPVVRDAAWARMTAAGAQLMNWFSVGCELHRDWRNDIEGFGAILGGHLPAYANLIQSFGTKK
4WHO,C,"Resting Protocatechuate 3,4-dioxygenase (pseudomonas putida) at pH 8.5","Protocatechuate 3,4-dioxygenase alpha chain",Pseudomonas putida,303,"GO:0006725, GO:0019439, GO:0042952, GO:0055114","GO:0003824, GO:0005506, GO:0008199, GO:0016491, GO:0016702, GO:0018578, GO:0051213",1.13.11.3,,PIELLPETPSQTAGPYVHIGLALEAAGNPTRDQEIWNRLAKPDAPGEHILLLGQVYDGNGHLVRDSFLEVWQADANGEYQDAYNLENAFNSFGRTATTFDAGEWTLHTVKPGVVNNAAGVPMAPHINISLFARGINIHLHTRLYFDDEAQANAKCPVLNLIEQPQRRETLIAKRCEVDGKTAYRFDIRIQGEGETVFFDF
1J2R,D,Crystal structure of Escherichia coli gene product Yecd at 1.3 A resolution,Hypothetical isochorismatase family protein yecD,Escherichia coli,562,GO:0008152,"GO:0003824, GO:0016787",,,MRHDFVFSGVIMLELNAKTTALVVIDLQEGILPFAGGPHTADEVVNRAGKLAAKFRASGQPVFLVRVGWSADYAEALKQPVDAPSPAKVLPENWWQHPAALGTTDSDIEIIKRQWGAFYGTDLELQLRRRGIDTIVLCGISTNIGVESTARNAWELGFNLVIAEDACSAASAEQHNNSINHIYPRIARVRSVEEILNAL
1NBA,D,"CRYSTAL STRUCTURE ANALYSIS, REFINEMENT AND ENZYMATIC REACTION MECHANISM OF N-CARBAMOYLSARCOSINE AMIDOHYDROLASE FROM ARTHROBACTER SP. AT 2.0 ANGSTROMS RESOLUTION",N-CARBAMOYLSARCOSINE AMIDOHYDROLASE,Arthrobacter sp.,1667,"GO:0006602, GO:0008152","GO:0003824, GO:0016787, GO:0050127",3.5.1.59,,MTETSGTFNDIEARLAAVLEEAFEAGTSIYNERGFKRRIGYGNRPAVIHIDLANAWTQPGHPFSCPGMETIIPNVQRINEAARAKGVPVFYTTNVYRNRDASSGTNDMGLWYSKIPTETLPADSYWAQIDDRIAPADGEVVIEKNRASAFPGTNLELFLTSNRIDTLIVTGATAAGCVRHTVEDAIAKGFRPIIPRETIGDRVPGVVQWNLYDIDNKFGDVESTDSVVQYLDALPQFEDTVPKTLSDPQPEVEAPADPVFAEQH
2A67,D,Crystal structure of Isochorismatase family protein,isochorismatase family protein,Enterococcus faecalis,1351,GO:0008152,GO:0003824,,,AMKNRALLLIDFQKGIESPTQQLYRLPAVLDKVNQRIAVYRQHHAPIIFVQHEETELPFGSDSWQLFEKLDTQPTDFFIRKTHANAFYQTNLNDLLTEQAVQTLEIAGVQTEFCVDTTIRMAHGLGYTCLMTPKTTSTLDNGHLTAAQIIQHHEAIWAGRFLTFLSL
2B34,D,Structure of MAR1 Ribonuclease from Caenorhabditis elegans,MAR1 Ribonuclease,Caenorhabditis elegans,6239,GO:0008152,GO:0003824,,,MAARKLIARINPTNSALFVCDLQEKFASNIKYFPEIITTSRRLIDAARILSIPTIVTEQYPKGLGHTVPTLKEGLAENTPIFDKTKFSMCIPPTEDTLKKVQNVILVGIEAHVCVLQTTYDLLERGLNVHVVVDAVSSRSHTDRHFAFKQMEQAGAILTTSEATILGLVGGSDHPKFKEVQKLILTSAPDTGLVPLSKL
2H0R,D,Structure of the Yeast Nicotinamidase Pnc1p,Nicotinamidase,Saccharomyces cerevisiae,4932,"GO:0000183, GO:0001302, GO:0006348, GO:0006769, GO:0008152, GO:0019358, GO:0019363, GO:1904524","GO:0003824, GO:0008936, GO:0016787, GO:0046872",3.5.1.19,,MKTLIVVDMQNDFISPLGSLTVPKGEELINPISDLMQDADRDWHRIVVTRDWHPSRHISFAKNHKDKEPYSTYTYHSPRPGDDSTQEGILWPVHCVKNTWGSQLVDQIMDQVVTKHIKIVDKGFLTDREYYSAFHDIWNFHKTDMNKYLEKHHTDEVYIVGVALEYCVKATAISAAELGYKTTVLLDYTRPISDDPEVINKVKEELKAHNINVVDK
3HB7,D,The Crystal Structure of an Isochorismatase-like Hydrolase from Alkaliphilus metalliredigens to 2.3A,Isochorismatase hydrolase,Alkaliphilus metalliredigens,208226,GO:0008152,"GO:0003824, GO:0016787",,,YFQGMAKHAILVIDMLNDFVGEKAPLRCPGGETIIPDLQKIFEWVRGREGDDIHLVHIQEAHRKNDADFRVRPLHAVKGTWGSDFIPELYPQEDEYIVQKRRHSGFAHTDLDLYLKEEGIDTVVLTGVWTNVCVRSTATDALANAYKVITLSDGTASKTEEMHEYGLNDLSIFTKVMTVDQYIQAWENDEDPWVGGGDAQNKVK
3KL2,D,Crystal structure of a putative isochorismatase from Streptomyces avermitilis,Putative isochorismatase,Streptomyces avermitilis,33903,GO:0008152,GO:0003824,,,MSLTTSKTRKSGVAMTEKLELDPARTAIVLIEYQNEFTSDGGVLHGAVADVMQHTGMLANTVAVVDAARQAGVPIMHAPITFAEGYGELTRHPYGILKGVVDGKAFVKGTWGAAIVDELAPVNGDIVIEGKRGLDTFASTNLDFILRSKGVDTIVLGGFLTNCCVESTMRTGYERGFRVITLTDCVAATSQEEHNNAISYDFPMFSVPMTSADVIAALEGHHHHHH
3O90,D,High resolution crystal structures of Streptococcus pneumoniae nicotinamidase with trapped intermediates provide insights into catalytic mechanism and inhibition by aldehydes,nicotinamidase,Streptococcus pneumoniae,1313,GO:0008152,"GO:0003824, GO:0046872",,,MGSSHHHHHHSSGLVPRGSHMTKALISIDYTEDFVADSGKLTAGAPAQAISDAISKVTRLAFERGDYIFFTIDAHEENDCFHPESKLFPPHNLIGTSGRNLYGDLGIFYQEHGSDSRVFWMDKRHYSAFSGTDLDIRLRERRVSTVILTGVLTDICVLHTAIDAYNLGYDIEIVKPAVASIWPENHQFALGHFKNTLGAKLVDENLNELFE
3O91,D,High resolution crystal structures of Streptococcus pneumoniae nicotinamidase with trapped intermediates provide insights into catalytic mechanism and inhibition by aldehydes,nicotinamidase,Streptococcus pneumoniae,1313,GO:0008152,"GO:0003824, GO:0046872",,,MGSSHHHHHHSSGLVPRGSHMTKALISIDYTEDFVADSGKLTAGAPAQAISDAISKVTRLAFERGDYIFFTIDAHEENDCFHPESKLFPPHNLIGTSGRNLYGDLGIFYQEHGSDSRVFWMDKRHYSAFSGTDLDIRLRERRVSTVILTGVLTDICVLHTAIDAYNLGYDIEIVKPAVASIWPENHQFALGHFKNTLGAKLVDENLNELFE
3O94,D,High resolution crystal structures of Streptococcus pneumoniae nicotinamidase with trapped intermediates provide insights into catalytic mechanism and inhibition by aldehydes,nicotinamidase,Streptococcus pneumoniae,1313,GO:0008152,"GO:0003824, GO:0046872",,,MGSSHHHHHHSSGLVPRGSHMTKALISIDYTEDFVADSGKLTAGAPAQAISDAISKVTRLAFERGDYIFFTIDAHEENDCFHPESKLFPPHNLIGTSGRNLYGDLGIFYQEHGSDSRVFWMDKRHYSAFSGTDLDIRLRERRVSTVILTGVLTDISVLHTAIDAYNLGYDIEIVKPAVASIWPENHQFALGHFKNTLGAKLVDENLNELFE
3OT4,D,Structure and Catalytic Mechanism of Bordetella bronchiseptica nicF,Putative isochorismatase,Bordetella bronchiseptica,518,GO:0008152,GO:0003824,3.5.1.107,,GSDKIHHHHHHSSGENLYFQGHMGNDLGSYERQGFGAALPLKAPYGLLIVDFVNGFADPAQFGGGNIAAAIETTRTVLAAARERGWAVAHSRIVYADDDADGNIFSIKVPGMLTLKEHAPASAIVPQLAPQAGEYVVRKSTPSAFYGTMLAAWLAQRGVQTLLVAGATTSGCVRASVVDAMSAGFRPLVLSDCVGDRALGPHEANLFDMRQKYAAVMTHDEALAKTKGLEHHHHHH
3R2J,D,Crystal Structure of PnC1 from L. infantum in complex with nicotinate,Alpha/beta-hydrolase-like protein,Leishmania infantum,5671,GO:0008152,"GO:0003824, GO:0016787, GO:0046872",3.5.1.19,,MAHHHHHHVGTGSNDDDDKSPDPPTLCVTVSSTTDVLIIADMQVDFLAPGGSLHVKGGEALLDGINAVSSQLPFRYQVATQDWHPENHCSFVTHGGPWPPHCVQGSAGAQLHAGLHTQRINAVIRKGVTQQADSYSAFVEDNGVSTGLAGLLHSIGARRVFVCGVAYDFCVFFTAMDARKNGFSVVLLEDLTAAVDDAAWSARTAELKDAGVVLLKSSALVAEGTQT
3S2S,D,The crystal structure of pyrazinamidase/nicotinamidase from streptococcus mutans UA159,Putative pyrazinamidase/nicotinamidase,Streptococcus mutans,1309,GO:0008152,"GO:0003824, GO:0046872",3.5.1.19,,MGSSHHHHHHSSGLVPRGSHMASMTGGQQMGRGSMSKALISIDYTYDFVADDGKLTAGKPAQAISKAIAQVTQKAYDNGDYIFFTIDGHDEGDDFHPETKLFPPHNIKGTSGRDLYGALADFYQKHENDKRVFWMDKRHYSAFSGTDLDIRLRERRVDTVVLTGVLTDICVLHTAIDAYNLGYQIEVVQSAVASLSQENHQFALNHLQNVLGATIIE
3V8E,D,Crystal structure of the yeast nicotinamidase Pnc1p bound to the inhibitor nicotinaldehyde,Nicotinamidase,Saccharomyces cerevisiae,4932,"GO:0000183, GO:0001302, GO:0006348, GO:0006769, GO:0008152, GO:0019358, GO:0019363, GO:1904524","GO:0003824, GO:0008936, GO:0016787, GO:0046872",3.5.1.19,,MKTLIVVDMQNDFISPLGSLTVPKGEELINPISDLMQDADRDWHRIVVTRDWHPSRHISFAKNHKDKEPYSTYTYHSPRPGDDSTQEGILWPVHCVKNTWGSQLVDQIMDQVVTKHIKIVDKGFLTDREYYSAFHDIWNFHKTDMNKYLEKHHTDEVYIVGVALEYCVKATAISAAELGYKTTVLLDYTRPISDDPEVINKVKEELKAHNINVVDK
4WGF,D,"YcaC from Pseudomonas aeruginosa with hexane-2,5-diol and covalent acrylamide",Probable hydrolase,Pseudomonas aeruginosa,287,GO:0008152,"GO:0003824, GO:0016787",,,MSFTYKRLDKNDAAVLFVDHQAGLLSLVRDFSPDEFKNNVLALADIARFFNLPTILTTSFEDGPNGPLVPELKEMFPQAPYIARPGNINAWDNEDFVKAVKATGKKQLIIAGVVTDVCVAFPTLSALEEGFDVFVVTDASGTFNPVVRDAAWARMTAAGAQLMNWFSVGCELHRDWRNDIEGFGAILGGHLPAYANLIQSFGTKK
4WHO,D,"Resting Protocatechuate 3,4-dioxygenase (pseudomonas putida) at pH 8.5","Protocatechuate 3,4-dioxygenase beta chain",Pseudomonas putida,303,"GO:0006725, GO:0019439, GO:0019619, GO:0042952, GO:0055114","GO:0003824, GO:0005506, GO:0008199, GO:0016491, GO:0016702, GO:0018578, GO:0046872, GO:0051213",1.13.11.3,"Dioxygenase_C, PCDO_beta_N",PAQDNSRFVIRDRNWHPKALTPDYKTSIARSPRQALVSIPQSISETTGPNFSHLGFGAHDHDLLLNFNNGGLPIGERIIVAGRVVDQYGKPVPNTLVEMWQANAGGRYRHKNDRYLAPLDPNFGGVGRCLTDSDGYYSFRTIKPGPYPWRNGPNDWRPAHIHFGISGPSIATKLITQLYFEGDPLIPMCPIVKSIANPEAVQQLIAKLDMNNANPMDCLAYRFDIVLRGQRKTHFENC
2B34,E,Structure of MAR1 Ribonuclease from Caenorhabditis elegans,MAR1 Ribonuclease,Caenorhabditis elegans,6239,GO:0008152,GO:0003824,,,MAARKLIARINPTNSALFVCDLQEKFASNIKYFPEIITTSRRLIDAARILSIPTIVTEQYPKGLGHTVPTLKEGLAENTPIFDKTKFSMCIPPTEDTLKKVQNVILVGIEAHVCVLQTTYDLLERGLNVHVVVDAVSSRSHTDRHFAFKQMEQAGAILTTSEATILGLVGGSDHPKFKEVQKLILTSAPDTGLVPLSKL
2H0R,E,Structure of the Yeast Nicotinamidase Pnc1p,Nicotinamidase,Saccharomyces cerevisiae,4932,"GO:0000183, GO:0001302, GO:0006348, GO:0006769, GO:0008152, GO:0019358, GO:0019363, GO:1904524","GO:0003824, GO:0008936, GO:0016787, GO:0046872",3.5.1.19,,MKTLIVVDMQNDFISPLGSLTVPKGEELINPISDLMQDADRDWHRIVVTRDWHPSRHISFAKNHKDKEPYSTYTYHSPRPGDDSTQEGILWPVHCVKNTWGSQLVDQIMDQVVTKHIKIVDKGFLTDREYYSAFHDIWNFHKTDMNKYLEKHHTDEVYIVGVALEYCVKATAISAAELGYKTTVLLDYTRPISDDPEVINKVKEELKAHNINVVDK
3HB7,E,The Crystal Structure of an Isochorismatase-like Hydrolase from Alkaliphilus metalliredigens to 2.3A,Isochorismatase hydrolase,Alkaliphilus metalliredigens,208226,GO:0008152,"GO:0003824, GO:0016787",,,YFQGMAKHAILVIDMLNDFVGEKAPLRCPGGETIIPDLQKIFEWVRGREGDDIHLVHIQEAHRKNDADFRVRPLHAVKGTWGSDFIPELYPQEDEYIVQKRRHSGFAHTDLDLYLKEEGIDTVVLTGVWTNVCVRSTATDALANAYKVITLSDGTASKTEEMHEYGLNDLSIFTKVMTVDQYIQAWENDEDPWVGGGDAQNKVK
3KL2,E,Crystal structure of a putative isochorismatase from Streptomyces avermitilis,Putative isochorismatase,Streptomyces avermitilis,33903,GO:0008152,GO:0003824,,,MSLTTSKTRKSGVAMTEKLELDPARTAIVLIEYQNEFTSDGGVLHGAVADVMQHTGMLANTVAVVDAARQAGVPIMHAPITFAEGYGELTRHPYGILKGVVDGKAFVKGTWGAAIVDELAPVNGDIVIEGKRGLDTFASTNLDFILRSKGVDTIVLGGFLTNCCVESTMRTGYERGFRVITLTDCVAATSQEEHNNAISYDFPMFSVPMTSADVIAALEGHHHHHH
3OT4,E,Structure and Catalytic Mechanism of Bordetella bronchiseptica nicF,Putative isochorismatase,Bordetella bronchiseptica,518,GO:0008152,GO:0003824,3.5.1.107,,GSDKIHHHHHHSSGENLYFQGHMGNDLGSYERQGFGAALPLKAPYGLLIVDFVNGFADPAQFGGGNIAAAIETTRTVLAAARERGWAVAHSRIVYADDDADGNIFSIKVPGMLTLKEHAPASAIVPQLAPQAGEYVVRKSTPSAFYGTMLAAWLAQRGVQTLLVAGATTSGCVRASVVDAMSAGFRPLVLSDCVGDRALGPHEANLFDMRQKYAAVMTHDEALAKTKGLEHHHHHH
3V8E,E,Crystal structure of the yeast nicotinamidase Pnc1p bound to the inhibitor nicotinaldehyde,Nicotinamidase,Saccharomyces cerevisiae,4932,"GO:0000183, GO:0001302, GO:0006348, GO:0006769, GO:0008152, GO:0019358, GO:0019363, GO:1904524","GO:0003824, GO:0008936, GO:0016787, GO:0046872",3.5.1.19,,MKTLIVVDMQNDFISPLGSLTVPKGEELINPISDLMQDADRDWHRIVVTRDWHPSRHISFAKNHKDKEPYSTYTYHSPRPGDDSTQEGILWPVHCVKNTWGSQLVDQIMDQVVTKHIKIVDKGFLTDREYYSAFHDIWNFHKTDMNKYLEKHHTDEVYIVGVALEYCVKATAISAAELGYKTTVLLDYTRPISDDPEVINKVKEELKAHNINVVDK
4WGF,E,"YcaC from Pseudomonas aeruginosa with hexane-2,5-diol and covalent acrylamide",Probable hydrolase,Pseudomonas aeruginosa,287,GO:0008152,"GO:0003824, GO:0016787",,,MSFTYKRLDKNDAAVLFVDHQAGLLSLVRDFSPDEFKNNVLALADIARFFNLPTILTTSFEDGPNGPLVPELKEMFPQAPYIARPGNINAWDNEDFVKAVKATGKKQLIIAGVVTDVCVAFPTLSALEEGFDVFVVTDASGTFNPVVRDAAWARMTAAGAQLMNWFSVGCELHRDWRNDIEGFGAILGGHLPAYANLIQSFGTKK
4WHO,E,"Resting Protocatechuate 3,4-dioxygenase (pseudomonas putida) at pH 8.5","Protocatechuate 3,4-dioxygenase alpha chain",Pseudomonas putida,303,"GO:0006725, GO:0019439, GO:0042952, GO:0055114","GO:0003824, GO:0005506, GO:0008199, GO:0016491, GO:0016702, GO:0018578, GO:0051213",1.13.11.3,,PIELLPETPSQTAGPYVHIGLALEAAGNPTRDQEIWNRLAKPDAPGEHILLLGQVYDGNGHLVRDSFLEVWQADANGEYQDAYNLENAFNSFGRTATTFDAGEWTLHTVKPGVVNNAAGVPMAPHINISLFARGINIHLHTRLYFDDEAQANAKCPVLNLIEQPQRRETLIAKRCEVDGKTAYRFDIRIQGEGETVFFDF
2B34,F,Structure of MAR1 Ribonuclease from Caenorhabditis elegans,MAR1 Ribonuclease,Caenorhabditis elegans,6239,GO:0008152,GO:0003824,,,MAARKLIARINPTNSALFVCDLQEKFASNIKYFPEIITTSRRLIDAARILSIPTIVTEQYPKGLGHTVPTLKEGLAENTPIFDKTKFSMCIPPTEDTLKKVQNVILVGIEAHVCVLQTTYDLLERGLNVHVVVDAVSSRSHTDRHFAFKQMEQAGAILTTSEATILGLVGGSDHPKFKEVQKLILTSAPDTGLVPLSKL
2H0R,F,Structure of the Yeast Nicotinamidase Pnc1p,Nicotinamidase,Saccharomyces cerevisiae,4932,"GO:0000183, GO:0001302, GO:0006348, GO:0006769, GO:0008152, GO:0019358, GO:0019363, GO:1904524","GO:0003824, GO:0008936, GO:0016787, GO:0046872",3.5.1.19,,MKTLIVVDMQNDFISPLGSLTVPKGEELINPISDLMQDADRDWHRIVVTRDWHPSRHISFAKNHKDKEPYSTYTYHSPRPGDDSTQEGILWPVHCVKNTWGSQLVDQIMDQVVTKHIKIVDKGFLTDREYYSAFHDIWNFHKTDMNKYLEKHHTDEVYIVGVALEYCVKATAISAAELGYKTTVLLDYTRPISDDPEVINKVKEELKAHNINVVDK
3HB7,F,The Crystal Structure of an Isochorismatase-like Hydrolase from Alkaliphilus metalliredigens to 2.3A,Isochorismatase hydrolase,Alkaliphilus metalliredigens,208226,GO:0008152,"GO:0003824, GO:0016787",,,YFQGMAKHAILVIDMLNDFVGEKAPLRCPGGETIIPDLQKIFEWVRGREGDDIHLVHIQEAHRKNDADFRVRPLHAVKGTWGSDFIPELYPQEDEYIVQKRRHSGFAHTDLDLYLKEEGIDTVVLTGVWTNVCVRSTATDALANAYKVITLSDGTASKTEEMHEYGLNDLSIFTKVMTVDQYIQAWENDEDPWVGGGDAQNKVK
3KL2,F,Crystal structure of a putative isochorismatase from Streptomyces avermitilis,Putative isochorismatase,Streptomyces avermitilis,33903,GO:0008152,GO:0003824,,,MSLTTSKTRKSGVAMTEKLELDPARTAIVLIEYQNEFTSDGGVLHGAVADVMQHTGMLANTVAVVDAARQAGVPIMHAPITFAEGYGELTRHPYGILKGVVDGKAFVKGTWGAAIVDELAPVNGDIVIEGKRGLDTFASTNLDFILRSKGVDTIVLGGFLTNCCVESTMRTGYERGFRVITLTDCVAATSQEEHNNAISYDFPMFSVPMTSADVIAALEGHHHHHH
3OT4,F,Structure and Catalytic Mechanism of Bordetella bronchiseptica nicF,Putative isochorismatase,Bordetella bronchiseptica,518,GO:0008152,GO:0003824,3.5.1.107,,GSDKIHHHHHHSSGENLYFQGHMGNDLGSYERQGFGAALPLKAPYGLLIVDFVNGFADPAQFGGGNIAAAIETTRTVLAAARERGWAVAHSRIVYADDDADGNIFSIKVPGMLTLKEHAPASAIVPQLAPQAGEYVVRKSTPSAFYGTMLAAWLAQRGVQTLLVAGATTSGCVRASVVDAMSAGFRPLVLSDCVGDRALGPHEANLFDMRQKYAAVMTHDEALAKTKGLEHHHHHH
3V8E,F,Crystal structure of the yeast nicotinamidase Pnc1p bound to the inhibitor nicotinaldehyde,Nicotinamidase,Saccharomyces cerevisiae,4932,"GO:0000183, GO:0001302, GO:0006348, GO:0006769, GO:0008152, GO:0019358, GO:0019363, GO:1904524","GO:0003824, GO:0008936, GO:0016787, GO:0046872",3.5.1.19,,MKTLIVVDMQNDFISPLGSLTVPKGEELINPISDLMQDADRDWHRIVVTRDWHPSRHISFAKNHKDKEPYSTYTYHSPRPGDDSTQEGILWPVHCVKNTWGSQLVDQIMDQVVTKHIKIVDKGFLTDREYYSAFHDIWNFHKTDMNKYLEKHHTDEVYIVGVALEYCVKATAISAAELGYKTTVLLDYTRPISDDPEVINKVKEELKAHNINVVDK
4WGF,F,"YcaC from Pseudomonas aeruginosa with hexane-2,5-diol and covalent acrylamide",Probable hydrolase,Pseudomonas aeruginosa,287,GO:0008152,"GO:0003824, GO:0016787",,,MSFTYKRLDKNDAAVLFVDHQAGLLSLVRDFSPDEFKNNVLALADIARFFNLPTILTTSFEDGPNGPLVPELKEMFPQAPYIARPGNINAWDNEDFVKAVKATGKKQLIIAGVVTDVCVAFPTLSALEEGFDVFVVTDASGTFNPVVRDAAWARMTAAGAQLMNWFSVGCELHRDWRNDIEGFGAILGGHLPAYANLIQSFGTKK
4WHO,F,"Resting Protocatechuate 3,4-dioxygenase (pseudomonas putida) at pH 8.5","Protocatechuate 3,4-dioxygenase beta chain",Pseudomonas putida,303,"GO:0006725, GO:0019439, GO:0019619, GO:0042952, GO:0055114","GO:0003824, GO:0005506, GO:0008199, GO:0016491, GO:0016702, GO:0018578, GO:0046872, GO:0051213",1.13.11.3,,PAQDNSRFVIRDRNWHPKALTPDYKTSIARSPRQALVSIPQSISETTGPNFSHLGFGAHDHDLLLNFNNGGLPIGERIIVAGRVVDQYGKPVPNTLVEMWQANAGGRYRHKNDRYLAPLDPNFGGVGRCLTDSDGYYSFRTIKPGPYPWRNGPNDWRPAHIHFGISGPSIATKLITQLYFEGDPLIPMCPIVKSIANPEAVQQLIAKLDMNNANPMDCLAYRFDIVLRGQRKTHFENC
2B34,G,Structure of MAR1 Ribonuclease from Caenorhabditis elegans,MAR1 Ribonuclease,Caenorhabditis elegans,6239,GO:0008152,GO:0003824,,,MAARKLIARINPTNSALFVCDLQEKFASNIKYFPEIITTSRRLIDAARILSIPTIVTEQYPKGLGHTVPTLKEGLAENTPIFDKTKFSMCIPPTEDTLKKVQNVILVGIEAHVCVLQTTYDLLERGLNVHVVVDAVSSRSHTDRHFAFKQMEQAGAILTTSEATILGLVGGSDHPKFKEVQKLILTSAPDTGLVPLSKL
2H0R,G,Structure of the Yeast Nicotinamidase Pnc1p,Nicotinamidase,Saccharomyces cerevisiae,4932,"GO:0000183, GO:0001302, GO:0006348, GO:0006769, GO:0008152, GO:0019358, GO:0019363, GO:1904524","GO:0003824, GO:0008936, GO:0016787, GO:0046872",3.5.1.19,,MKTLIVVDMQNDFISPLGSLTVPKGEELINPISDLMQDADRDWHRIVVTRDWHPSRHISFAKNHKDKEPYSTYTYHSPRPGDDSTQEGILWPVHCVKNTWGSQLVDQIMDQVVTKHIKIVDKGFLTDREYYSAFHDIWNFHKTDMNKYLEKHHTDEVYIVGVALEYCVKATAISAAELGYKTTVLLDYTRPISDDPEVINKVKEELKAHNINVVDK
3HB7,G,The Crystal Structure of an Isochorismatase-like Hydrolase from Alkaliphilus metalliredigens to 2.3A,Isochorismatase hydrolase,Alkaliphilus metalliredigens,208226,GO:0008152,"GO:0003824, GO:0016787",,,YFQGMAKHAILVIDMLNDFVGEKAPLRCPGGETIIPDLQKIFEWVRGREGDDIHLVHIQEAHRKNDADFRVRPLHAVKGTWGSDFIPELYPQEDEYIVQKRRHSGFAHTDLDLYLKEEGIDTVVLTGVWTNVCVRSTATDALANAYKVITLSDGTASKTEEMHEYGLNDLSIFTKVMTVDQYIQAWENDEDPWVGGGDAQNKVK
3KL2,G,Crystal structure of a putative isochorismatase from Streptomyces avermitilis,Putative isochorismatase,Streptomyces avermitilis,33903,GO:0008152,GO:0003824,,,MSLTTSKTRKSGVAMTEKLELDPARTAIVLIEYQNEFTSDGGVLHGAVADVMQHTGMLANTVAVVDAARQAGVPIMHAPITFAEGYGELTRHPYGILKGVVDGKAFVKGTWGAAIVDELAPVNGDIVIEGKRGLDTFASTNLDFILRSKGVDTIVLGGFLTNCCVESTMRTGYERGFRVITLTDCVAATSQEEHNNAISYDFPMFSVPMTSADVIAALEGHHHHHH
3OT4,G,Structure and Catalytic Mechanism of Bordetella bronchiseptica nicF,Putative isochorismatase,Bordetella bronchiseptica,518,GO:0008152,GO:0003824,3.5.1.107,,GSDKIHHHHHHSSGENLYFQGHMGNDLGSYERQGFGAALPLKAPYGLLIVDFVNGFADPAQFGGGNIAAAIETTRTVLAAARERGWAVAHSRIVYADDDADGNIFSIKVPGMLTLKEHAPASAIVPQLAPQAGEYVVRKSTPSAFYGTMLAAWLAQRGVQTLLVAGATTSGCVRASVVDAMSAGFRPLVLSDCVGDRALGPHEANLFDMRQKYAAVMTHDEALAKTKGLEHHHHHH
3V8E,G,Crystal structure of the yeast nicotinamidase Pnc1p bound to the inhibitor nicotinaldehyde,Nicotinamidase,Saccharomyces cerevisiae,4932,"GO:0000183, GO:0001302, GO:0006348, GO:0006769, GO:0008152, GO:0019358, GO:0019363, GO:1904524","GO:0003824, GO:0008936, GO:0016787, GO:0046872",3.5.1.19,,MKTLIVVDMQNDFISPLGSLTVPKGEELINPISDLMQDADRDWHRIVVTRDWHPSRHISFAKNHKDKEPYSTYTYHSPRPGDDSTQEGILWPVHCVKNTWGSQLVDQIMDQVVTKHIKIVDKGFLTDREYYSAFHDIWNFHKTDMNKYLEKHHTDEVYIVGVALEYCVKATAISAAELGYKTTVLLDYTRPISDDPEVINKVKEELKAHNINVVDK
4WGF,G,"YcaC from Pseudomonas aeruginosa with hexane-2,5-diol and covalent acrylamide",Probable hydrolase,Pseudomonas aeruginosa,287,GO:0008152,"GO:0003824, GO:0016787",,,MSFTYKRLDKNDAAVLFVDHQAGLLSLVRDFSPDEFKNNVLALADIARFFNLPTILTTSFEDGPNGPLVPELKEMFPQAPYIARPGNINAWDNEDFVKAVKATGKKQLIIAGVVTDVCVAFPTLSALEEGFDVFVVTDASGTFNPVVRDAAWARMTAAGAQLMNWFSVGCELHRDWRNDIEGFGAILGGHLPAYANLIQSFGTKK
2B34,H,Structure of MAR1 Ribonuclease from Caenorhabditis elegans,MAR1 Ribonuclease,Caenorhabditis elegans,6239,GO:0008152,GO:0003824,,,MAARKLIARINPTNSALFVCDLQEKFASNIKYFPEIITTSRRLIDAARILSIPTIVTEQYPKGLGHTVPTLKEGLAENTPIFDKTKFSMCIPPTEDTLKKVQNVILVGIEAHVCVLQTTYDLLERGLNVHVVVDAVSSRSHTDRHFAFKQMEQAGAILTTSEATILGLVGGSDHPKFKEVQKLILTSAPDTGLVPLSKL
3HB7,H,The Crystal Structure of an Isochorismatase-like Hydrolase from Alkaliphilus metalliredigens to 2.3A,Isochorismatase hydrolase,Alkaliphilus metalliredigens,208226,GO:0008152,"GO:0003824, GO:0016787",,,YFQGMAKHAILVIDMLNDFVGEKAPLRCPGGETIIPDLQKIFEWVRGREGDDIHLVHIQEAHRKNDADFRVRPLHAVKGTWGSDFIPELYPQEDEYIVQKRRHSGFAHTDLDLYLKEEGIDTVVLTGVWTNVCVRSTATDALANAYKVITLSDGTASKTEEMHEYGLNDLSIFTKVMTVDQYIQAWENDEDPWVGGGDAQNKVK
3KL2,H,Crystal structure of a putative isochorismatase from Streptomyces avermitilis,Putative isochorismatase,Streptomyces avermitilis,33903,GO:0008152,GO:0003824,,,MSLTTSKTRKSGVAMTEKLELDPARTAIVLIEYQNEFTSDGGVLHGAVADVMQHTGMLANTVAVVDAARQAGVPIMHAPITFAEGYGELTRHPYGILKGVVDGKAFVKGTWGAAIVDELAPVNGDIVIEGKRGLDTFASTNLDFILRSKGVDTIVLGGFLTNCCVESTMRTGYERGFRVITLTDCVAATSQEEHNNAISYDFPMFSVPMTSADVIAALEGHHHHHH
3OT4,H,Structure and Catalytic Mechanism of Bordetella bronchiseptica nicF,Putative isochorismatase,Bordetella bronchiseptica,518,GO:0008152,GO:0003824,3.5.1.107,,GSDKIHHHHHHSSGENLYFQGHMGNDLGSYERQGFGAALPLKAPYGLLIVDFVNGFADPAQFGGGNIAAAIETTRTVLAAARERGWAVAHSRIVYADDDADGNIFSIKVPGMLTLKEHAPASAIVPQLAPQAGEYVVRKSTPSAFYGTMLAAWLAQRGVQTLLVAGATTSGCVRASVVDAMSAGFRPLVLSDCVGDRALGPHEANLFDMRQKYAAVMTHDEALAKTKGLEHHHHHH
4WGF,H,"YcaC from Pseudomonas aeruginosa with hexane-2,5-diol and covalent acrylamide",Probable hydrolase,Pseudomonas aeruginosa,287,GO:0008152,"GO:0003824, GO:0016787",,,MSFTYKRLDKNDAAVLFVDHQAGLLSLVRDFSPDEFKNNVLALADIARFFNLPTILTTSFEDGPNGPLVPELKEMFPQAPYIARPGNINAWDNEDFVKAVKATGKKQLIIAGVVTDVCVAFPTLSALEEGFDVFVVTDASGTFNPVVRDAAWARMTAAGAQLMNWFSVGCELHRDWRNDIEGFGAILGGHLPAYANLIQSFGTKK
3KL2,I,Crystal structure of a putative isochorismatase from Streptomyces avermitilis,Putative isochorismatase,Streptomyces avermitilis,33903,GO:0008152,GO:0003824,,,MSLTTSKTRKSGVAMTEKLELDPARTAIVLIEYQNEFTSDGGVLHGAVADVMQHTGMLANTVAVVDAARQAGVPIMHAPITFAEGYGELTRHPYGILKGVVDGKAFVKGTWGAAIVDELAPVNGDIVIEGKRGLDTFASTNLDFILRSKGVDTIVLGGFLTNCCVESTMRTGYERGFRVITLTDCVAATSQEEHNNAISYDFPMFSVPMTSADVIAALEGHHHHHH
3KL2,J,Crystal structure of a putative isochorismatase from Streptomyces avermitilis,Putative isochorismatase,Streptomyces avermitilis,33903,GO:0008152,GO:0003824,,,MSLTTSKTRKSGVAMTEKLELDPARTAIVLIEYQNEFTSDGGVLHGAVADVMQHTGMLANTVAVVDAARQAGVPIMHAPITFAEGYGELTRHPYGILKGVVDGKAFVKGTWGAAIVDELAPVNGDIVIEGKRGLDTFASTNLDFILRSKGVDTIVLGGFLTNCCVESTMRTGYERGFRVITLTDCVAATSQEEHNNAISYDFPMFSVPMTSADVIAALEGHHHHHH
3KL2,K,Crystal structure of a putative isochorismatase from Streptomyces avermitilis,Putative isochorismatase,Streptomyces avermitilis,33903,GO:0008152,GO:0003824,,,MSLTTSKTRKSGVAMTEKLELDPARTAIVLIEYQNEFTSDGGVLHGAVADVMQHTGMLANTVAVVDAARQAGVPIMHAPITFAEGYGELTRHPYGILKGVVDGKAFVKGTWGAAIVDELAPVNGDIVIEGKRGLDTFASTNLDFILRSKGVDTIVLGGFLTNCCVESTMRTGYERGFRVITLTDCVAATSQEEHNNAISYDFPMFSVPMTSADVIAALEGHHHHHH
3KL2,L,Crystal structure of a putative isochorismatase from Streptomyces avermitilis,Putative isochorismatase,Streptomyces avermitilis,33903,GO:0008152,GO:0003824,,,MSLTTSKTRKSGVAMTEKLELDPARTAIVLIEYQNEFTSDGGVLHGAVADVMQHTGMLANTVAVVDAARQAGVPIMHAPITFAEGYGELTRHPYGILKGVVDGKAFVKGTWGAAIVDELAPVNGDIVIEGKRGLDTFASTNLDFILRSKGVDTIVLGGFLTNCCVESTMRTGYERGFRVITLTDCVAATSQEEHNNAISYDFPMFSVPMTSADVIAALEGHHHHHH